{"cameraMode":{"drawMode":0,"name":"Shaded","section":"Shading Mode"},"sceneLighting":true,"audioPlay":false,"sceneViewState":{"m_AlwaysRefresh":false,"showFog":true,"showSkybox":true,"showFlares":true,"showImageEffects":true,"showParticleSystems":true,"showVisualEffectGraphs":true,"m_FxEnabled":true},"in2DMode":false,"pivot":{"x":-4.416327476501465,"y":0.15235479176044465,"z":-7.707613945007324},"rotation":{"x":-0.028233705088496209,"y":0.9667383432388306,"z":-0.22462396323680879,"w":-0.12129446864128113},"size":9.571113586425782,"orthographic":false}